City,Pollutant,YearMonth,Monthly_Mean,Monthly_SD,n_days
Edinburgh,NO2,2020-01-01,16.892857142857142,9.818121136220649,28
Edinburgh,NO2,2020-02-01,19.79310344827586,10.047669631542956,29
Edinburgh,NO2,2020-03-01,15.258064516129032,10.00988758490152,31
Edinburgh,NO2,2020-04-01,8.766666666666667,4.174498386825559,30
Edinburgh,NO2,2020-05-01,8.5,2.6457513110645907,12
Edinburgh,NO2,2020-06-01,6.2,2.9407951071213656,30
Edinburgh,NO2,2020-07-01,10.666666666666666,3.8230072737812852,27
Edinburgh,NO2,2020-08-01,6.724137931034483,2.9748535585102807,29
Edinburgh,NO2,2020-09-01,15.583333333333334,7.476731582149727,12
Edinburgh,NO2,2020-10-01,15.870967741935484,6.636976899582474,31
Edinburgh,NO2,2020-11-01,16.466666666666665,10.338189441074304,30
Edinburgh,NO2,2020-12-01,22,12.788015222595465,31
Edinburgh,NO2,2021-01-01,22.870967741935484,10.917087326706,31
Edinburgh,NO2,2021-02-01,9.08695652173913,8.500871845545452,23
Edinburgh,NO2,2021-07-01,9.821428571428571,2.6254251356413008,28
Edinburgh,NO2,2021-08-01,10.225806451612904,4.152988300965582,31
Edinburgh,NO2,2021-09-01,11.433333333333334,4.9248373565535895,30
Edinburgh,NO2,2021-10-01,11.258064516129032,5.650768336757305,31
Edinburgh,NO2,2021-11-01,16.93103448275862,8.008616049885445,29
Edinburgh,NO2,2021-12-01,18.7,8.596817036432423,20
Edinburgh,NO2,2022-01-01,15,7.745966692414834,25
Edinburgh,NO2,2022-02-01,12.607142857142858,4.954154902064609,28
Edinburgh,NO2,2022-03-01,21.225806451612904,9.79016403478292,31
Edinburgh,NO2,2022-04-01,15.2,6.4615574080813545,30
Edinburgh,NO2,2022-05-01,10.258064516129032,3.2758484085346384,31
Edinburgh,NO2,2022-06-01,9.6,3.389639386780516,30
Edinburgh,NO2,2022-07-01,10.466666666666667,4.890055590498018,30
Edinburgh,NO2,2022-08-01,8.448275862068966,3.8967587895633735,29
Edinburgh,NO2,2022-09-01,11.066666666666666,3.4031763391576257,30
Edinburgh,NO2,2022-10-01,7.67741935483871,3.57199381087737,31
Edinburgh,NO2,2022-11-01,14.233333333333333,10.496907043089616,30
Edinburgh,NO2,2022-12-01,19.903225806451612,13.709740670315826,31
Edinburgh,NO2,2023-01-01,14.161290322580646,8.40673053449258,31
Edinburgh,NO2,2023-02-01,12.37037037037037,6.564169337267214,27
Edinburgh,NO2,2023-03-01,12.172413793103448,4.559675470259772,29
Edinburgh,NO2,2023-04-01,11.4,4.537962477618767,30
Edinburgh,NO2,2023-05-01,9.612903225806452,3.200806350019098,31
Edinburgh,NO2,2023-06-01,6.266666666666667,2.1485092399203194,30
Edinburgh,NO2,2023-07-01,6.964285714285714,3.5222272294791908,28
Edinburgh,NO2,2023-08-01,9.428571428571429,5.18850989404809,28
Edinburgh,NO2,2023-09-01,8.866666666666667,4.336956928803749,30
Edinburgh,NO2,2023-10-01,9.225806451612904,5.103656711413591,31
Edinburgh,NO2,2023-11-01,21.133333333333333,10.108833055656149,30
Edinburgh,NO2,2023-12-01,15.548387096774194,11.41881111639158,31
Edinburgh,NO2,2024-01-01,17.483870967741936,11.907619319136062,31
Edinburgh,NO2,2024-02-01,13.555555555555555,8.135077576734421,27
Edinburgh,NO2,2024-03-01,9.935483870967742,3.539637306005308,31
Edinburgh,NO2,2024-04-01,8.266666666666667,3.814069537486385,30
Edinburgh,NO2,2024-05-01,10.419354838709678,3.128089870281725,31
Edinburgh,NO2,2024-06-01,7.2727272727272725,1.2720777563426766,11
Edinburgh,NO2,2024-08-01,5.033333333333333,2.3850588561137096,30
Edinburgh,NO2,2024-09-01,9.321428571428571,3.761929877352368,28
Edinburgh,NO2,2024-10-01,10.774193548387096,6.264767499912266,31
Edinburgh,NO2,2024-11-01,20.4,10.762642926280733,30
Edinburgh,NO2,2024-12-01,13.709677419354838,10.605638589565134,31
Edinburgh,O3,2020-01-01,61.5,9.612877165937752,28
Edinburgh,O3,2020-02-01,61.241379310344826,12.69323546622315,29
Edinburgh,O3,2020-03-01,63.96774193548387,11.954033826754165,31
Edinburgh,O3,2020-04-01,73.36666666666666,9.367895775699463,30
Edinburgh,O3,2020-05-01,67.16129032258064,6.919040271567285,31
Edinburgh,O3,2020-06-01,63.63333333333333,13.29371988969781,30
Edinburgh,O3,2020-07-01,40.724137931034484,8.794870874241491,29
Edinburgh,O3,2020-08-01,51,11.972189997378647,31
Edinburgh,O3,2020-09-01,43.666666666666664,11.405785988829903,30
Edinburgh,O3,2020-10-01,45.225806451612904,9.759472927774173,31
Edinburgh,O3,2020-11-01,45.166666666666664,19.583742964656864,30
Edinburgh,O3,2020-12-01,38.064516129032256,17.49654343743542,31
Edinburgh,O3,2021-01-01,42.12903225806452,14.912504675570926,31
Edinburgh,O3,2021-02-01,66.84615384615384,8.417564054724183,26
Edinburgh,O3,2021-03-01,56.70967741935484,12.277875897692557,31
Edinburgh,O3,2021-04-01,64.26666666666667,8.01693609602921,30
Edinburgh,O3,2021-05-01,60.064516129032256,8.306364964575732,31
Edinburgh,O3,2021-06-01,46.666666666666664,11.31777160146769,30
Edinburgh,O3,2021-07-01,49.86206896551724,10.538108185909415,29
Edinburgh,O3,2021-08-01,51.93103448275862,10.683535511921265,29
Edinburgh,O3,2021-09-01,53.03333333333333,10.675409491728734,30
Edinburgh,O3,2021-10-01,50.38709677419355,12.117968529845363,31
Edinburgh,O3,2021-11-01,50.642857142857146,11.810899817429428,28
Edinburgh,O3,2021-12-01,47.774193548387096,15.182686800913192,31
Edinburgh,O3,2022-01-01,57.294117647058826,10.450865429967708,17
Edinburgh,O3,2022-08-01,51.44827586206897,11.1374086717325,29
Edinburgh,O3,2022-09-01,51.1,9.848332608742142,30
Edinburgh,O3,2022-10-01,51,8.290556877154474,31
Edinburgh,O3,2022-11-01,43.56666666666667,16.654052697898123,30
Edinburgh,O3,2022-12-01,44.774193548387096,19.66165418171346,31
Edinburgh,O3,2023-01-01,53.935483870967744,12.66211010290404,31
Edinburgh,O3,2023-02-01,59.464285714285715,10.864424250079445,28
Edinburgh,O3,2023-03-01,59.6551724137931,8.969296285777885,29
Edinburgh,O3,2023-04-01,68.3,12.991111019356326,30
Edinburgh,O3,2023-05-01,61.38709677419355,9.861296126286978,31
Edinburgh,O3,2023-06-01,65.5,14.301555256636275,30
Edinburgh,O3,2023-07-01,48.096774193548384,6.900989488035647,31
Edinburgh,O3,2023-08-01,47.06896551724138,9.486573348244645,29
Edinburgh,O3,2023-09-01,53.333333333333336,7.7874050980361575,30
Edinburgh,O3,2023-10-01,51.483870967741936,11.523514995411007,31
Edinburgh,O3,2023-11-01,37.13333333333333,14.616319017084821,30
Edinburgh,O3,2023-12-01,47.70967741935484,18.776214649367954,31
Edinburgh,O3,2024-01-01,53.03225806451613,17.292549206653025,31
Edinburgh,O3,2024-02-01,57.111111111111114,15.108157076771814,27
Edinburgh,O3,2024-03-01,67.03225806451613,10.329517158666363,31
Edinburgh,O3,2024-04-01,73.9,9.820281616862255,30
Edinburgh,O3,2024-05-01,71,10.424330514074594,31
Edinburgh,O3,2024-06-01,65,7.0710678118654755,6
Edinburgh,O3,2024-08-01,53.766666666666666,4.811504412618124,30
Edinburgh,O3,2024-09-01,57.82142857142857,12.307942546804878,28
Edinburgh,O3,2024-10-01,49.483870967741936,13.935257365741846,31
Edinburgh,O3,2024-11-01,38.63333333333333,14.087126266090669,30
Edinburgh,O3,2024-12-01,52.29032258064516,14.70191268370003,31
Edinburgh,PM10,2020-01-01,6.9655172413793105,2.7964615220551443,29
Edinburgh,PM10,2020-02-01,7.517241379310345,3.1917381030132472,29
Edinburgh,PM10,2020-03-01,9.838709677419354,5.292112207134617,31
Edinburgh,PM10,2020-04-01,10.966666666666667,3.9608718417952424,30
Edinburgh,PM10,2020-05-01,7.612903225806452,3.0075174630120736,31
Edinburgh,PM10,2020-06-01,8.366666666666667,4.5218498910049645,30
Edinburgh,PM10,2020-07-01,5.827586206896552,2.5081149084698393,29
Edinburgh,PM10,2020-08-01,7.483870967741935,4.048629132121435,31
Edinburgh,PM10,2020-09-01,8.7,4.153519488088509,30
Edinburgh,PM10,2020-10-01,7.225806451612903,3.1802481812939782,31
Edinburgh,PM10,2020-11-01,8.966666666666667,5.738456679061999,30
Edinburgh,PM10,2020-12-01,6.967741935483871,2.6392406858506603,31
Edinburgh,PM10,2021-01-01,6.645161290322581,2.074421800514932,31
Edinburgh,PM10,2021-02-01,7.423076923076923,2.7881617876023896,26
Edinburgh,PM10,2021-03-01,9.612903225806452,5.245171871062878,31
Edinburgh,PM10,2021-04-01,11.866666666666667,5.888231004963723,30
Edinburgh,PM10,2021-05-01,7.967741935483871,3.8771456078558786,31
Edinburgh,PM10,2021-06-01,9.833333333333334,5.356808966059045,30
Edinburgh,PM10,2021-07-01,10.689655172413794,4.310315270834623,29
Edinburgh,PM10,2021-08-01,8.903225806451612,2.947935308083466,31
Edinburgh,PM10,2021-09-01,9.266666666666667,6.241868273219957,30
Edinburgh,PM10,2021-10-01,5.612903225806452,1.9609082819761308,31
Edinburgh,PM10,2021-11-01,6.3,2.6929025489109395,30
Edinburgh,PM10,2021-12-01,7.354838709677419,3.57349863202972,31
Edinburgh,PM10,2022-01-01,9.344827586206897,5.326992330634651,29
Edinburgh,PM10,2022-02-01,7.464285714285714,2.9625082323016465,28
Edinburgh,PM10,2022-03-01,17.967741935483872,12.453871877098415,31
Edinburgh,PM10,2022-04-01,10.6,4.774934554525329,30
Edinburgh,PM10,2022-05-01,8.451612903225806,4.559522706581025,31
Edinburgh,PM10,2022-06-01,8,2.3341542070028205,30
Edinburgh,PM10,2022-07-01,6.935483870967742,3.8551738730435816,31
Edinburgh,PM10,2022-08-01,9.137931034482758,3.2151887073149097,29
Edinburgh,PM10,2022-09-01,8.233333333333333,3.5104114439403147,30
Edinburgh,PM10,2022-10-01,7.774193548387097,2.2761030647337397,31
Edinburgh,PM10,2022-11-01,9,3.7046103615676618,30
Edinburgh,PM10,2022-12-01,7.870967741935484,3.5378141602206954,31
Edinburgh,PM10,2023-01-01,6.096774193548387,2.357326716285171,31
Edinburgh,PM10,2023-02-01,9.321428571428571,6.469607415123433,28
Edinburgh,PM10,2023-03-01,7.612903225806452,3.1056659978694716,31
Edinburgh,PM10,2023-04-01,12.066666666666666,5.495661820979773,30
Edinburgh,PM10,2023-05-01,11.96774193548387,4.868154140039405,31
Edinburgh,PM10,2023-06-01,10.966666666666667,4.972221687108,30
Edinburgh,PM10,2023-07-01,6.645161290322581,3.0391707980607054,31
Edinburgh,PM10,2023-08-01,6.838709677419355,1.7530311690240685,31
Edinburgh,PM10,2023-09-01,8.166666666666666,4.177801214575168,30
Edinburgh,PM10,2023-10-01,8.806451612903226,3.618649424289949,31
Edinburgh,PM10,2023-11-01,7.3,3.3748563187806666,30
Edinburgh,PM10,2023-12-01,7.096774193548387,3.8674266957903454,31
Edinburgh,PM10,2024-01-01,7.903225806451613,3.102201784858376,31
Edinburgh,PM10,2024-02-01,8.448275862068966,3.4701400434539043,29
Edinburgh,PM10,2024-03-01,10.870967741935484,8.044633554877317,31
Edinburgh,PM10,2024-04-01,7.066666666666666,2.6252531350306976,30
Edinburgh,PM10,2024-05-01,15.096774193548388,9.977824875558392,31
Edinburgh,PM10,2024-06-01,8.454545454545455,3.4745830358083647,11
Edinburgh,PM10,2024-08-01,8.2,3.8273066067495773,30
Edinburgh,PM10,2024-09-01,10.44,5.515735067362584,25
Edinburgh,PM10,2024-10-01,8.709677419354838,5.126360296786904,31
Edinburgh,PM10,2024-11-01,10.066666666666666,6.448380354430274,30
Edinburgh,PM10,2024-12-01,6.290322580645161,3.4946964425835976,31
Edinburgh,PM2.5,2020-01-01,3.8620689655172415,1.9406209965412486,29
Edinburgh,PM2.5,2020-02-01,4.137931034482759,2.0826517768569284,29
Edinburgh,PM2.5,2020-03-01,5.32258064516129,3.3104591501702956,31
Edinburgh,PM2.5,2020-04-01,6.533333333333333,3.266690124241369,30
Edinburgh,PM2.5,2020-05-01,4.451612903225806,1.670103982340009,31
Edinburgh,PM2.5,2020-06-01,5.133333333333334,3.159368480472371,30
Edinburgh,PM2.5,2020-07-01,2.586206896551724,1.2105854952787558,29
Edinburgh,PM2.5,2020-08-01,4.387096774193548,3.062432794961534,31
Edinburgh,PM2.5,2020-09-01,4.2,2.0577858874578494,30
Edinburgh,PM2.5,2020-10-01,3.4838709677419355,1.411168965596383,31
Edinburgh,PM2.5,2020-11-01,5.666666666666667,5.005743827281598,30
Edinburgh,PM2.5,2020-12-01,3.870967741935484,1.6071078678560227,31
Edinburgh,PM2.5,2021-01-01,3.903225806451613,1.4225526049951525,31
Edinburgh,PM2.5,2021-02-01,3.8076923076923075,1.5752899610987374,26
Edinburgh,PM2.5,2021-03-01,5.612903225806452,4.013954154819067,31
Edinburgh,PM2.5,2021-04-01,6.3,3.9405058313491366,30
Edinburgh,PM2.5,2021-05-01,4.741935483870968,2.9996415556472065,31
Edinburgh,PM2.5,2021-06-01,5.133333333333334,2.897482061868645,30
Edinburgh,PM2.5,2021-07-01,6.482758620689655,3.08939071264375,29
Edinburgh,PM2.5,2021-08-01,4.935483870967742,2.064549730909345,31
Edinburgh,PM2.5,2021-09-01,5.666666666666667,4.700207870189201,30
Edinburgh,PM2.5,2021-10-01,2.806451612903226,1.046242637208969,31
Edinburgh,PM2.5,2021-11-01,3.2,1.6691934868527747,30
Edinburgh,PM2.5,2021-12-01,4.709677419354839,3.1218963081979174,31
Edinburgh,PM2.5,2022-01-01,5,2.6186146828319083,29
Edinburgh,PM2.5,2022-02-01,3.7857142857142856,1.5481684006675103,28
Edinburgh,PM2.5,2022-03-01,11.903225806451612,9.77873488310111,31
Edinburgh,PM2.5,2022-04-01,5.866666666666666,3.2561171432512546,30
Edinburgh,PM2.5,2022-05-01,4.516129032258065,2.791307551930164,31
Edinburgh,PM2.5,2022-06-01,4.233333333333333,1.4064710873459965,30
Edinburgh,PM2.5,2022-07-01,3.3225806451612905,1.921580890381555,31
Edinburgh,PM2.5,2022-08-01,4.827586206896552,2.4358771596584696,29
Edinburgh,PM2.5,2022-09-01,4.2,2.0068847019439238,30
Edinburgh,PM2.5,2022-10-01,3.806451612903226,1.2225480178356916,31
Edinburgh,PM2.5,2022-11-01,5.233333333333333,2.608782690535335,30
Edinburgh,PM2.5,2022-12-01,4.838709677419355,2.6968719434874715,31
Edinburgh,PM2.5,2023-01-01,3.4516129032258065,1.206612604979172,31
Edinburgh,PM2.5,2023-02-01,5,4.618802153517006,28
Edinburgh,PM2.5,2023-03-01,3.7096774193548385,1.4650039450935908,31
Edinburgh,PM2.5,2023-04-01,6.9,3.790641834470962,30
Edinburgh,PM2.5,2023-05-01,6.870967741935484,3.1383853118429226,31
Edinburgh,PM2.5,2023-06-01,5.9,2.7209278336372815,30
Edinburgh,PM2.5,2023-07-01,3.4516129032258065,1.997310018957487,31
Edinburgh,PM2.5,2023-08-01,3.5161290322580645,1.060533442563552,31
Edinburgh,PM2.5,2023-09-01,4.566666666666666,2.8000410506022,30
Edinburgh,PM2.5,2023-10-01,4.354838709677419,1.603088417124358,31
Edinburgh,PM2.5,2023-11-01,4.066666666666666,2.0160277319749236,30
Edinburgh,PM2.5,2023-12-01,4.387096774193548,3.1056659978694716,31
Edinburgh,PM2.5,2024-01-01,4.387096774193548,1.6263951827039393,31
Edinburgh,PM2.5,2024-02-01,4.517241379310345,1.9202062697081792,29
Edinburgh,PM2.5,2024-03-01,6.774193548387097,5.702102988777356,31
Edinburgh,PM2.5,2024-04-01,3.566666666666667,1.4546793303071948,30
Edinburgh,PM2.5,2024-05-01,9.580645161290322,6.474432760473498,31
Edinburgh,PM2.5,2024-06-01,4.454545454545454,1.9679246105293955,11
Edinburgh,PM2.5,2024-08-01,4.8,2.7215614179592085,30
Edinburgh,PM2.5,2024-09-01,5.88,3.778447653027188,25
Edinburgh,PM2.5,2024-10-01,5.032258064516129,3.240204427375346,31
Edinburgh,PM2.5,2024-11-01,6.166666666666667,5.166759361422842,30
Edinburgh,PM2.5,2024-12-01,3.5806451612903225,2.0293544712278515,31
London,NO2,2020-01-01,29.258064516129032,15.246787075611447,31
London,NO2,2020-02-01,20.82758620689655,13.40860322308363,29
London,NO2,2020-03-01,20.838709677419356,10.905951812943085,31
London,NO2,2020-04-01,19.7,9.472828656669595,30
London,NO2,2020-05-01,14.35483870967742,5.885283267590859,31
London,NO2,2020-06-01,14.733333333333333,7.080489625254269,30
London,NO2,2020-07-01,13,5.059644256269407,31
London,NO2,2020-08-01,16.258064516129032,10.494340512662,31
London,NO2,2020-09-01,21.3,10.157891445604726,30
London,NO2,2020-10-01,21.774193548387096,6.73651580279378,31
London,NO2,2020-11-01,28.633333333333333,15.90593758867149,30
London,NO2,2020-12-01,26.193548387096776,10.768532412663326,31
London,NO2,2021-01-01,26.580645161290324,9.878509312470133,31
London,NO2,2021-02-01,23.76,11.69144986731757,25
London,NO2,2021-03-01,24.838709677419356,16.242119677335936,31
London,NO2,2021-04-01,22.5,10.081563918087449,30
London,NO2,2021-05-01,15.870967741935484,6.960564802197549,31
London,NO2,2021-06-01,12.2,4.589342977542345,30
London,NO2,2021-07-01,13.096774193548388,6.451639784890233,31
London,NO2,2021-08-01,10.35483870967742,3.9374135935219727,31
London,NO2,2021-09-01,19.233333333333334,10.546067524432273,30
London,NO2,2021-10-01,18.903225806451612,9.034581114472243,31
London,NO2,2021-11-01,26.066666666666666,12.13695790247444,30
London,NO2,2021-12-01,21.64516129032258,9.460614451844638,31
London,NO2,2022-01-01,34.67741935483871,17.68876686256788,31
London,NO2,2022-02-01,16.88,8.56017912585167,25
London,NO2,2022-03-01,26.24137931034483,15.674490587333732,29
London,NO2,2022-04-01,17.366666666666667,7.69452708920027,30
London,NO2,2022-05-01,13.064516129032258,5.316236036087736,31
London,NO2,2022-06-01,10.7,6.0977666912312785,30
London,NO2,2022-07-01,9.903225806451612,5.230390926815302,31
London,NO2,2022-08-01,11.67741935483871,4.9691521528606435,31
London,NO2,2022-09-01,16.82758620689655,7.201532403976062,29
London,NO2,2022-10-01,19.225806451612904,9.087389347953037,31
London,NO2,2022-11-01,20.75,9.735863445891024,28
London,NO2,2022-12-01,28.774193548387096,17.99575816207689,31
London,NO2,2023-01-01,27.774193548387096,19.170654096681826,31
London,NO2,2023-02-01,28.107142857142858,15.856624473151266,28
London,NO2,2023-03-01,16.344827586206897,8.212689928523355,29
London,NO2,2023-04-01,17.366666666666667,5.892621530842374,30
London,NO2,2023-05-01,12.419354838709678,4.660287498630581,31
London,NO2,2023-06-01,12.7,5.861328553646614,30
London,NO2,2023-07-01,9.709677419354838,5.16522699331531,31
London,NO2,2023-08-01,11.387096774193548,4.957670281861826,31
London,NO2,2023-09-01,17.107142857142858,8.924951647194616,28
London,NO2,2023-10-01,21.580645161290324,8.991752493436739,31
London,NO2,2023-11-01,25.1,10.662050006674495,30
London,NO2,2023-12-01,18.64516129032258,11.26513319079946,31
London,NO2,2024-01-01,20.774193548387096,13.253200059908437,31
London,NO2,2024-02-01,17.586206896551722,7.263004304493671,29
London,NO2,2024-03-01,16.96551724137931,6.8529595203234726,29
London,NO2,2024-04-01,10.566666666666666,4.190986496768029,30
London,NO2,2024-05-01,14.96774193548387,6.5191199353273745,31
London,NO2,2024-06-01,11.566666666666666,4.621414422486672,30
London,NO2,2024-07-01,10.290322580645162,4.866165830761743,31
London,NO2,2024-08-01,10.172413793103448,4.928553580320363,29
London,NO2,2024-09-01,13.933333333333334,5.705008890157982,30
London,NO2,2024-10-01,18.677419354838708,8.271989268103102,31
London,NO2,2024-11-01,24.233333333333334,9.99200830089014,30
London,NO2,2024-12-01,14.870967741935484,8.036342184036512,31
London,O3,2020-01-01,38.17391304347826,22.501822499750475,23
London,O3,2020-02-01,56,18.154102251872125,29
London,O3,2020-03-01,60.96774193548387,14.752364490633903,31
London,O3,2020-04-01,73.86666666666666,10.985047308401366,30
London,O3,2020-05-01,73.83870967741936,9.733436440755986,31
London,O3,2020-06-01,64.5,17.56122295639281,30
London,O3,2020-07-01,46.29032258064516,14.90904322525336,31
London,O3,2020-08-01,64.58064516129032,25.783423865665302,31
London,O3,2020-09-01,51.6551724137931,13.753638121470066,29
London,O3,2020-10-01,43.827586206896555,9.859980315531066,29
London,O3,2020-11-01,55,7.810249675906654,3
London,O3,2020-12-01,42.611111111111114,13.253806950940943,18
London,O3,2021-01-01,35.70967741935484,14.991538832259343,31
London,O3,2021-02-01,53.541666666666664,15.564673397505471,24
London,O3,2021-03-01,55.629629629629626,14.79383485974985,27
London,O3,2021-04-01,64.63333333333334,10.423724046064619,30
London,O3,2021-05-01,63.16129032258065,10.773723510447532,31
London,O3,2021-06-01,57.266666666666666,15.000996135506178,30
London,O3,2021-07-01,52.354838709677416,9.714416733552163,31
London,O3,2021-08-01,49.645161290322584,9.350751795432544,31
London,O3,2021-09-01,50.56666666666667,15.309864598453785,30
London,O3,2021-10-01,42,16.163745440542755,31
London,O3,2021-11-01,32.1,16.36301548804709,30
London,O3,2021-12-01,37.74193548387097,13.475824630142883,31
London,O3,2022-01-01,32.03225806451613,19.712067151819706,31
London,O3,2022-02-01,58.07142857142857,10.708005213921762,28
London,O3,2022-03-01,51.96551724137931,15.967562562495006,29
London,O3,2022-04-01,64.33333333333333,11.721118350422683,27
London,O3,2022-05-01,59.70967741935484,9.893410427778337,31
London,O3,2022-06-01,64.86666666666666,17.282108215371643,30
London,O3,2022-07-01,62.935483870967744,15.756343661884182,31
London,O3,2022-08-01,59.61290322580645,22.982134248664895,31
London,O3,2022-09-01,43.46666666666667,12.899434185221093,30
London,O3,2022-10-01,37.74193548387097,12.598856408249874,31
London,O3,2022-11-01,39.892857142857146,16.762699521201686,28
London,O3,2022-12-01,31.258064516129032,20.931583380043158,31
London,O3,2023-01-01,39.83870967741935,20.301226193169626,31
London,O3,2023-02-01,39.357142857142854,16.999377517392688,28
London,O3,2023-03-01,61.55172413793103,17.19963913013574,29
London,O3,2023-04-01,74.36666666666666,9.342093589965696,30
London,O3,2023-05-01,73.96774193548387,11.29449385310601,31
London,O3,2023-06-01,90.4090909090909,18.17025064928959,22
London,O3,2023-07-01,55.666666666666664,9.587652315508574,27
London,O3,2023-08-01,52.391304347826086,9.282138911199208,23
London,O3,2023-09-01,62.5,15.298749103699002,30
London,O3,2023-10-01,38,13.961852790132596,31
London,O3,2023-11-01,33.9,16.320813874229476,30
London,O3,2023-12-01,46.45161290322581,20.729751099450308,31
London,O3,2024-01-01,53.12903225806452,16.362033157045552,31
London,O3,2024-02-01,55.37931034482759,11.546223232553604,29
London,O3,2024-03-01,59.03448275862069,13.795658630320444,29
London,O3,2024-04-01,74.93333333333334,7.8693352185308,30
London,O3,2024-05-01,65.70967741935483,14.478014478021718,31
London,O3,2024-06-01,65.9,15.477124387635605,30
London,O3,2024-07-01,54.74193548387097,16.877929853184966,31
London,O3,2024-08-01,59.93103448275862,8.552071739320406,29
London,O3,2024-09-01,55.166666666666664,14.333667464696736,30
London,O3,2024-10-01,43.38709677419355,13.97062971464264,31
London,O3,2024-11-01,34.233333333333334,12.94466561237068,30
London,O3,2024-12-01,47.25806451612903,15.222719297014542,31
London,PM10,2020-01-01,14.483870967741936,9.383925858409636,31
London,PM10,2020-02-01,11.758620689655173,6.237302372556545,29
London,PM10,2020-03-01,14.258064516129032,8.543877893694736,31
London,PM10,2020-04-01,21.166666666666668,11.632544517603318,30
London,PM10,2020-05-01,12.64516129032258,4.895905684663286,31
London,PM10,2020-06-01,11.233333333333333,4.523374795462995,30
London,PM10,2020-07-01,9.129032258064516,5.283571617027451,31
London,PM10,2020-08-01,12.793103448275861,7.475575994744617,29
London,PM10,2020-09-01,13.033333333333333,6.6875248415050486,30
London,PM10,2020-10-01,8.870967741935484,3.0082324321088283,31
London,PM10,2020-11-01,17.966666666666665,12.742768965948502,30
London,PM10,2020-12-01,11.064516129032258,4.358405548446723,31
London,PM10,2021-01-01,11.741935483870968,5.621196444029117,31
London,PM10,2021-02-01,16.5,6.790516262487788,28
London,PM10,2021-03-01,20.35483870967742,12.262540212905249,31
London,PM10,2021-04-01,17.733333333333334,8.905377427511805,30
London,PM10,2021-05-01,10.35483870967742,4.0377253257807935,31
London,PM10,2021-06-01,12.633333333333333,4.483558726120883,30
London,PM10,2021-07-01,13.387096774193548,6.195037903326816,31
London,PM10,2021-08-01,9.67741935483871,2.371878253960962,31
London,PM10,2021-09-01,15.5,8.617344178437762,30
London,PM10,2021-10-01,11.741935483870968,5.656664163830622,31
London,PM10,2021-11-01,13.966666666666667,6.0939955373462,30
London,PM10,2021-12-01,11.580645161290322,4.773357962332088,31
London,PM10,2022-01-01,20.615384615384617,9.867428937983483,26
London,PM10,2022-02-01,11.071428571428571,3.999338569652361,28
London,PM10,2022-03-01,25.677419354838708,17.80896234441935,31
London,PM10,2022-04-01,14.7,6.035241331631609,30
London,PM10,2022-05-01,12.258064516129032,5.347695715199734,31
London,PM10,2022-06-01,12.066666666666666,3.9734752732496568,30
London,PM10,2022-07-01,11.35483870967742,5.535030184180114,31
London,PM10,2022-08-01,13.838709677419354,5.183928845920813,31
London,PM10,2022-09-01,11.233333333333333,3.5397577681913863,30
London,PM10,2022-10-01,13.612903225806452,4.0798481945193235,31
London,PM10,2022-11-01,12.5,5.197811210433709,30
London,PM10,2022-12-01,16.677419354838708,9.206472711356193,31
London,PM10,2023-01-01,15.451612903225806,11.360277900583887,31
London,PM10,2023-02-01,17.535714285714285,12.14566571939125,28
London,PM10,2023-03-01,10.433333333333334,3.2236553821692087,30
London,PM10,2023-04-01,13.833333333333334,6.433121907073141,30
London,PM10,2023-05-01,12.870967741935484,4.169268005168861,31
London,PM10,2023-06-01,15.8,6.070846103616291,30
London,PM10,2023-07-01,8.612903225806452,2.8714388884882402,31
London,PM10,2023-08-01,8.741935483870968,4.358652252975177,31
London,PM10,2023-09-01,15.266666666666667,9.351132453394056,30
London,PM10,2023-10-01,10.96774193548387,4.2307120832293466,31
London,PM10,2023-11-01,10.833333333333334,3.184914152833564,30
London,PM10,2023-12-01,9.612903225806452,4.514254603326657,31
London,PM10,2024-01-01,11.903225806451612,4.11788650248059,31
London,PM10,2024-02-01,8.96551724137931,3.6103300068858926,29
London,PM10,2024-03-01,13.612903225806452,9.600963213326875,31
London,PM10,2024-04-01,8.6,2.513412297914997,30
London,PM10,2024-05-01,13.580645161290322,6.571525411695457,31
London,PM10,2024-06-01,10.666666666666666,3.457459036417604,30
London,PM10,2024-07-01,8.806451612903226,3.7006247656191755,31
London,PM10,2024-08-01,12.482758620689655,4.380318723360961,29
London,PM10,2024-09-01,13.9,8.914730158176603,30
London,PM10,2024-10-01,12.258064516129032,4.697288167552877,31
London,PM10,2024-11-01,18.533333333333335,8.954803501312938,30
London,PM10,2024-12-01,9.35483870967742,4.029461395743226,31
London,PM2.5,2020-01-01,9.774193548387096,7.9737472471411035,31
London,PM2.5,2020-02-01,6.758620689655173,4.501231358622034,29
London,PM2.5,2020-03-01,8.774193548387096,6.591457488898566,31
London,PM2.5,2020-04-01,13.833333333333334,9.191762929227801,30
London,PM2.5,2020-05-01,7.032258064516129,4.004030227722579,31
London,PM2.5,2020-06-01,6.4,3.0126171460983087,30
London,PM2.5,2020-07-01,4.096774193548387,1.640220284182939,31
London,PM2.5,2020-08-01,7.206896551724138,5.32097809446472,29
London,PM2.5,2020-09-01,7.066666666666666,4.109982241201111,30
London,PM2.5,2020-10-01,5.064516129032258,2.0483405294850714,31
London,PM2.5,2020-11-01,12.633333333333333,10.89284274138325,30
London,PM2.5,2020-12-01,7.516129032258065,3.863253963020772,31
London,PM2.5,2021-01-01,8.741935483870968,5.195945483005532,31
London,PM2.5,2021-02-01,9.857142857142858,4.283597360771242,28
London,PM2.5,2021-03-01,13.35483870967742,10.088106486012045,31
London,PM2.5,2021-04-01,10.133333333333333,7.271737132181019,30
London,PM2.5,2021-05-01,6.645161290322581,3.4980793501270018,31
London,PM2.5,2021-06-01,7.633333333333334,3.1015383650512947,30
London,PM2.5,2021-07-01,8.161290322580646,4.457927576752441,31
London,PM2.5,2021-08-01,5.161290322580645,1.4628003781229204,31
London,PM2.5,2021-09-01,10.333333333333334,6.660917060882385,30
London,PM2.5,2021-10-01,7.096774193548387,5.002365032060185,31
London,PM2.5,2021-11-01,9.1,4.603971299230473,30
London,PM2.5,2021-12-01,7.838709677419355,4.050487824065544,31
London,PM2.5,2022-01-01,14.923076923076923,8.541302368716737,26
London,PM2.5,2022-02-01,5.964285714285714,2.301080951416865,28
London,PM2.5,2022-03-01,17.774193548387096,13.037662565095413,31
London,PM2.5,2022-04-01,8.966666666666667,4.7740919579526855,30
London,PM2.5,2022-05-01,7.064516129032258,4.202661726977065,31
London,PM2.5,2022-06-01,6.433333333333334,2.1444930810596343,30
London,PM2.5,2022-07-01,5.354838709677419,3.115000129446484,31
London,PM2.5,2022-08-01,7.129032258064516,3.639981094125545,31
London,PM2.5,2022-09-01,6.166666666666667,2.5607559946952807,30
London,PM2.5,2022-10-01,7.193548387096774,2.2571273016633286,31
London,PM2.5,2022-11-01,7.533333333333333,4.166643678097503,30
London,PM2.5,2022-12-01,12.35483870967742,8.167204283379448,31
London,PM2.5,2023-01-01,10.67741935483871,10.196035493511497,31
London,PM2.5,2023-02-01,11.714285714285714,9.525237988111307,28
London,PM2.5,2023-03-01,6.5,2.529140510951879,30
London,PM2.5,2023-04-01,9.5,5.184526048235035,30
London,PM2.5,2023-05-01,7.741935483870968,2.54254127381096,31
London,PM2.5,2023-06-01,8.733333333333333,4.306637486111597,30
London,PM2.5,2023-07-01,4.580645161290323,1.6688158186448079,31
London,PM2.5,2023-08-01,4.903225806451613,3.0150161824847905,31
London,PM2.5,2023-09-01,9.2,6.525282395791586,30
London,PM2.5,2023-10-01,6.258064516129032,2.489548043795418,31
London,PM2.5,2023-11-01,6.666666666666667,2.783366026375548,30
London,PM2.5,2023-12-01,5.967741935483871,3.1568324944237163,31
London,PM2.5,2024-01-01,7.516129032258065,3.118450125109539,31
London,PM2.5,2024-02-01,5.206896551724138,2.1774708517784633,29
London,PM2.5,2024-03-01,9.483870967741936,8.241646145206412,31
London,PM2.5,2024-04-01,4.666666666666667,1.5610194134588469,30
London,PM2.5,2024-05-01,8.870967741935484,5.155850628065628,31
London,PM2.5,2024-06-01,5.6,1.975714624094803,30
London,PM2.5,2024-07-01,4.580645161290323,1.7658651052366579,31
London,PM2.5,2024-08-01,6.896551724137931,3.394794624402472,29
London,PM2.5,2024-09-01,7.966666666666667,6.183868521003456,30
London,PM2.5,2024-10-01,7.129032258064516,3.4808230394919626,31
London,PM2.5,2024-11-01,12.433333333333334,7.55979991220956,30
London,PM2.5,2024-12-01,5.967741935483871,3.082032564912771,31
Manchester,NO2,2020-01-01,39.25806451612903,9.626241017605588,31
Manchester,NO2,2020-02-01,35,13.344340694520227,29
Manchester,NO2,2020-03-01,33.483870967741936,13.630531825628168,31
Manchester,NO2,2020-04-01,17.566666666666666,7.722262190144371,30
Manchester,NO2,2020-05-01,15.516129032258064,5.240044323870651,31
Manchester,NO2,2020-06-01,19.166666666666668,7.367605390858166,30
Manchester,NO2,2020-07-01,17.870967741935484,6.844666709606202,31
Manchester,NO2,2020-08-01,19.903225806451612,5.832980020022227,31
Manchester,NO2,2020-09-01,27.642857142857142,9.978548420057326,28
Manchester,NO2,2020-10-01,28.387096774193548,4.984492079472349,31
Manchester,NO2,2020-11-01,34.833333333333336,13.217238830362815,30
Manchester,NO2,2020-12-01,37.096774193548384,13.161445813966584,31
Manchester,NO2,2021-01-01,39.064516129032256,11.96086809522611,31
Manchester,NO2,2021-02-01,31.46153846153846,13.112530706864389,26
Manchester,NO2,2021-03-01,28.677419354838708,13.217128020802384,31
Manchester,NO2,2021-04-01,29.366666666666667,10.420415417403683,30
Manchester,NO2,2021-05-01,25.225806451612904,6.989085192495295,31
Manchester,NO2,2021-06-01,19.666666666666668,4.603846467775677,30
Manchester,NO2,2021-07-01,20.516129032258064,4.456238830687718,31
Manchester,NO2,2021-08-01,21.516129032258064,6.727411427594498,31
Manchester,NO2,2021-09-01,29.181818181818183,9.619604801487249,22
Manchester,NO2,2021-10-01,28.44,5.788494335029332,25
Manchester,NO2,2021-11-01,38.8,12.691023164643473,30
Manchester,NO2,2021-12-01,42.193548387096776,14.211308536604948,31
Manchester,NO2,2022-01-01,40.83870967741935,16.52694118541712,31
Manchester,NO2,2022-02-01,26.428571428571427,7.622717370191558,28
Manchester,NO2,2022-03-01,40.86206896551724,13.61649246300507,29
Manchester,NO2,2022-04-01,29.333333333333332,9.286004795253515,30
Manchester,NO2,2022-05-01,20.193548387096776,5.01610310127101,31
Manchester,NO2,2022-06-01,18.833333333333332,6.32500965425641,30
Manchester,NO2,2022-07-01,18.741935483870968,9.416183734880722,31
Manchester,NO2,2022-08-01,20.896551724137932,7.825529774792097,29
Manchester,NO2,2022-09-01,25.2,6.650900898270901,30
Manchester,NO2,2022-10-01,26.967741935483872,6.906440815006149,31
Manchester,NO2,2022-11-01,35.6,9.967533503225912,30
Manchester,NO2,2022-12-01,44.096774193548384,21.08293913524974,31
Manchester,NO2,2023-01-01,34.16129032258065,13.374345527148979,31
Manchester,NO2,2023-02-01,33.392857142857146,15.346224739544699,28
Manchester,NO2,2023-03-01,25.96551724137931,7.757405487756704,29
Manchester,NO2,2023-04-01,27,9.443114623528798,30
Manchester,NO2,2023-05-01,20.580645161290324,6.571525411695457,31
Manchester,NO2,2023-06-01,20,5.33692407859524,30
Manchester,NO2,2023-07-01,16.06451612903226,4.979527982121517,31
Manchester,NO2,2023-08-01,17.225806451612904,5.245376868693389,31
Manchester,NO2,2023-09-01,26.928571428571427,8.137378645296728,28
Manchester,NO2,2023-10-01,32.193548387096776,9.530370244080096,31
Manchester,NO2,2023-11-01,36.56666666666667,14.082719499647329,30
Manchester,NO2,2023-12-01,31.612903225806452,14.81818121847806,31
Manchester,NO2,2024-01-01,35.266666666666666,14.156595473569867,30
Manchester,NO2,2024-02-01,33.583333333333336,10.508450705593287,24
Manchester,NO2,2024-03-01,28.37037037037037,10.44821717640106,27
Manchester,NO2,2024-04-01,22.633333333333333,7.434696540120394,30
Manchester,NO2,2024-05-01,22.20689655172414,5.433883840869173,29
Manchester,NO2,2024-06-01,16.68421052631579,4.055896004295576,19
Manchester,NO2,2024-07-01,19,5.698296959205805,18
Manchester,NO2,2024-08-01,17.82758620689655,5.451532979140831,29
Manchester,NO2,2024-09-01,23.266666666666666,7.3622210541775175,30
Manchester,NO2,2024-10-01,30.82758620689655,7.005451782704878,29
Manchester,NO2,2024-11-01,40.06666666666667,11.026405089393473,30
Manchester,NO2,2024-12-01,29.322580645161292,9.505742463634613,31
Manchester,O3,2020-01-01,25.096774193548388,12.009315380735844,31
Manchester,O3,2020-02-01,38.758620689655174,15.504965039841254,29
Manchester,O3,2020-03-01,42.54838709677419,13.49033903620765,31
Manchester,O3,2020-04-01,60.86666666666667,10.947313741777913,30
Manchester,O3,2020-05-01,55.806451612903224,8.723223237766758,31
Manchester,O3,2020-06-01,46.266666666666666,16.004166124273183,30
Manchester,O3,2020-07-01,26.741935483870968,9.022075673721961,31
Manchester,O3,2020-08-01,34.32258064516129,15.464770925718435,31
Manchester,O3,2020-09-01,29.357142857142858,10.224206156684808,28
Manchester,O3,2020-10-01,27.032258064516128,5.787825561571703,31
Manchester,O3,2020-11-01,24.1,16.9040905067995,30
Manchester,O3,2020-12-01,23.333333333333332,14.13563199697923,30
Manchester,O3,2021-01-01,22,13.195958977404155,31
Manchester,O3,2021-02-01,39.92307692307692,16.225715582181458,26
Manchester,O3,2021-03-01,40.935483870967744,16.79868146387481,31
Manchester,O3,2021-04-01,50.666666666666664,9.506198824554115,30
Manchester,O3,2021-05-01,45.645161290322584,7.782666154546158,31
Manchester,O3,2021-06-01,41.7,12.665865068404704,30
Manchester,O3,2021-07-01,35.74193548387097,9.708991509370696,31
Manchester,O3,2021-08-01,32.70967741935484,9.413442687232257,31
Manchester,O3,2021-09-01,35.75,10.672307536242954,28
Manchester,O3,2021-10-01,31.516129032258064,10.776118558311973,31
Manchester,O3,2021-11-01,23.333333333333332,14.774939951644901,30
Manchester,O3,2021-12-01,22.032258064516128,15.12940596094846,31
Manchester,O3,2022-01-01,27.516129032258064,17.402817717718275,31
Manchester,O3,2022-02-01,49.714285714285715,9.853960071997912,28
Manchester,O3,2022-03-01,40.37931034482759,10.543832974450204,29
Manchester,O3,2022-04-01,53.4,13.350965353189595,30
Manchester,O3,2022-05-01,48.774193548387096,9.97901022954132,31
Manchester,O3,2022-06-01,49.5,8.927871893778727,30
Manchester,O3,2022-07-01,41.193548387096776,15.904756845754688,31
Manchester,O3,2022-08-01,46.96551724137931,20.812912816361813,29
Manchester,O3,2022-09-01,33.6,11.787193518157014,30
Manchester,O3,2022-10-01,29.419354838709676,9.326572051754017,31
Manchester,O3,2022-11-01,26.566666666666666,11.187071766670833,30
Manchester,O3,2022-12-01,21.161290322580644,16.583318474084226,31
Manchester,O3,2023-01-01,33.25806451612903,17.084042733762764,31
Manchester,O3,2023-02-01,36.5,15.919938581679405,28
Manchester,O3,2023-03-01,51.37931034482759,10.547219650909524,29
Manchester,O3,2023-04-01,56.03333333333333,15.109903884614848,30
Manchester,O3,2023-05-01,53.38709677419355,10.944336189265018,31
Manchester,O3,2023-06-01,63.86206896551724,20.400847562804547,29
Manchester,O3,2023-07-01,42.29032258064516,10.136381827809162,31
Manchester,O3,2023-08-01,40.935483870967744,6.350514330199131,31
Manchester,O3,2023-09-01,42.25,11.292819744323282,28
Manchester,O3,2023-10-01,25.129032258064516,10.401095889324584,31
Manchester,O3,2023-11-01,27.1,15.07990213084495,30
Manchester,O3,2023-12-01,37.193548387096776,20.6275210254629,31
Manchester,O3,2024-01-01,37.06666666666667,17.16036599025616,30
Manchester,O3,2024-02-01,35.93103448275862,13.437503580020143,29
Manchester,O3,2024-03-01,45.42857142857143,13.1399065010807,21
Manchester,O3,2024-04-01,55.03333333333333,12.954784320150189,30
Manchester,O3,2024-05-01,50.83870967741935,12.143851048146542,31
Manchester,O3,2024-06-01,51.166666666666664,7.081220103973576,30
Manchester,O3,2024-07-01,38.25806451612903,8.72149735590353,31
Manchester,O3,2024-08-01,40.48275862068966,7.876822644656249,29
Manchester,O3,2024-09-01,42.36666666666667,15.949237001171568,30
Manchester,O3,2024-10-01,29.967741935483872,10.771827053221571,31
Manchester,O3,2024-11-01,18.733333333333334,11.5069194575394,30
Manchester,O3,2024-12-01,33.83870967741935,15.355990740193327,31
Manchester,PM10,2020-01-01,15,6.131883886702357,31
Manchester,PM10,2020-02-01,15.448275862068966,6.8639129141190915,29
Manchester,PM10,2020-03-01,17.903225806451612,8.882022437522052,31
Manchester,PM10,2020-04-01,19.6,7.911580338230527,30
Manchester,PM10,2020-05-01,13.35483870967742,3.719752564322652,31
Manchester,PM10,2020-06-01,13.2,5.142118173510292,30
Manchester,PM10,2020-07-01,8.1875,2.5617376914898995,16
Manchester,PM10,2020-08-01,11.870967741935484,6.275571344421537,31
Manchester,PM10,2020-09-01,14.466666666666667,5.858876750846462,30
Manchester,PM10,2020-10-01,11.32258064516129,3.3305364610344035,31
Manchester,PM10,2020-11-01,18.066666666666666,12.193648242887129,30
Manchester,PM10,2020-12-01,12.838709677419354,6.000537610323197,31
Manchester,PM10,2021-01-01,15.387096774193548,11.274388141136052,31
Manchester,PM10,2021-02-01,14.576923076923077,6.146043129839405,26
Manchester,PM10,2021-03-01,19,10.948363652467279,31
Manchester,PM10,2021-04-01,18.266666666666666,7.206000054233222,30
Manchester,PM10,2021-05-01,11.612903225806452,4.5729452169241265,31
Manchester,PM10,2021-06-01,13.9,4.490219255840103,30
Manchester,PM10,2021-07-01,15.838709677419354,6.099709141664316,31
Manchester,PM10,2021-08-01,12.741935483870968,4.05764908894698,31
Manchester,PM10,2021-09-01,16.714285714285715,8.086830367753821,28
Manchester,PM10,2021-10-01,12.225806451612904,3.3636257958672595,31
Manchester,PM10,2021-11-01,16.8,6.2001112337074105,30
Manchester,PM10,2021-12-01,15.806451612903226,7.747771098144764,31
Manchester,PM10,2022-01-01,20.096774193548388,8.463076031442617,31
Manchester,PM10,2022-02-01,13.821428571428571,4.611206730697238,28
Manchester,PM10,2022-03-01,25.903225806451612,15.089410942135718,31
Manchester,PM10,2022-04-01,19.391304347826086,5.024839485765442,23
Manchester,PM10,2022-05-01,13.064516129032258,4.296785495157729,31
Manchester,PM10,2022-06-01,13.366666666666667,2.9534705865721986,30
Manchester,PM10,2022-07-01,12.580645161290322,4.870141637559679,31
Manchester,PM10,2022-08-01,14.387096774193548,5.037707278480551,31
Manchester,PM10,2022-09-01,13.6,3.489886867052797,30
Manchester,PM10,2022-10-01,14.290322580645162,3.3684175155612444,31
Manchester,PM10,2022-11-01,18.1,6.814538211389144,30
Manchester,PM10,2022-12-01,20.677419354838708,11.067631775510042,31
Manchester,PM10,2023-01-01,15.35483870967742,6.892258396668803,31
Manchester,PM10,2023-02-01,19.714285714285715,10.93027444627533,28
Manchester,PM10,2023-03-01,12.666666666666666,3.508232077228117,27
Manchester,PM10,2023-04-01,17.615384615384617,6.079979757051321,26
Manchester,PM10,2023-05-01,15.32258064516129,4.384724216140954,31
Manchester,PM10,2023-06-01,16.833333333333332,6.544717972023954,30
Manchester,PM10,2023-07-01,10.161290322580646,2.6968719434874715,31
Manchester,PM10,2023-08-01,11.67741935483871,2.8680666748897075,31
Manchester,PM10,2023-09-01,17.533333333333335,8.139869241232798,30
Manchester,PM10,2023-10-01,15,5.079370039680118,31
Manchester,PM10,2023-11-01,14.4,3.361547262794322,5
Manchester,PM10,2024-03-01,14.545454545454545,5.837184875668002,11
Manchester,PM10,2024-04-01,14.3,6.675482676594798,30
Manchester,PM10,2024-05-01,16.93548387096774,6.531643406631891,31
Manchester,PM10,2024-06-01,12.166666666666666,3.1082019786735042,30
Manchester,PM10,2024-07-01,10.32258064516129,3.3998734954327694,31
Manchester,PM10,2024-08-01,14.903225806451612,5.300030432048967,31
Manchester,PM10,2024-09-01,16.7,8.133159033368829,30
Manchester,PM10,2024-10-01,13.709677419354838,2.900500512981587,31
Manchester,PM10,2024-11-01,21.1,8.134006944029322,30
Manchester,PM10,2024-12-01,13.903225806451612,4.31551340097311,31
Manchester,PM2.5,2020-01-01,9,5.11207720338155,31
Manchester,PM2.5,2020-02-01,8.10344827586207,4.654834871907817,29
Manchester,PM2.5,2020-03-01,10.03225806451613,6.645719780268309,31
Manchester,PM2.5,2020-04-01,11.233333333333333,5.922973003095852,30
Manchester,PM2.5,2020-05-01,6.870967741935484,2.3486440837764384,31
Manchester,PM2.5,2020-06-01,7.6,3.953174193846832,30
Manchester,PM2.5,2020-07-01,3.8125,0.9105858919765157,16
Manchester,PM2.5,2020-08-01,6.419354838709677,4.080638786173778,31
Manchester,PM2.5,2020-09-01,7.433333333333334,3.4509702117373964,30
Manchester,PM2.5,2020-10-01,6.32258064516129,2.4547518105936703,31
Manchester,PM2.5,2020-11-01,11.533333333333333,10.081506911627617,30
Manchester,PM2.5,2020-12-01,8.516129032258064,5.09817593355333,31
Manchester,PM2.5,2021-01-01,9.387096774193548,5.936763536668997,31
Manchester,PM2.5,2021-02-01,8.153846153846153,4.323815978436711,26
Manchester,PM2.5,2021-03-01,11.387096774193548,8.643600404749705,31
Manchester,PM2.5,2021-04-01,9.433333333333334,4.423162648613767,30
Manchester,PM2.5,2021-05-01,6.903225806451613,3.3897378336156265,31
Manchester,PM2.5,2021-06-01,7.6,2.835732587947042,30
Manchester,PM2.5,2021-07-01,8.67741935483871,3.58131350926066,31
Manchester,PM2.5,2021-08-01,7.129032258064516,2.1093748755475867,31
Manchester,PM2.5,2021-09-01,9.892857142857142,5.3217880990723945,28
Manchester,PM2.5,2021-10-01,6.806451612903226,2.54845515085394,31
Manchester,PM2.5,2021-11-01,10.233333333333333,5.062937223917884,30
Manchester,PM2.5,2021-12-01,10.451612903225806,5.65000713673543,31
Manchester,PM2.5,2022-01-01,12.548387096774194,6.6725243083229975,31
Manchester,PM2.5,2022-02-01,7.321428571428571,2.5827572322297194,28
Manchester,PM2.5,2022-03-01,16.483870967741936,10.47813904514835,31
Manchester,PM2.5,2022-04-01,11.130434782608695,3.684171891978477,23
Manchester,PM2.5,2022-05-01,7.290322580645161,3.3979753617617336,31
Manchester,PM2.5,2022-06-01,6.9,1.8448436995751345,30
Manchester,PM2.5,2022-07-01,6,2.265686062395524,31
Manchester,PM2.5,2022-08-01,7,2.309401076758503,31
Manchester,PM2.5,2022-09-01,7.566666666666666,2.595531084228313,30
Manchester,PM2.5,2022-10-01,7.838709677419355,2.2225626979315023,31
Manchester,PM2.5,2022-11-01,10.7,5.414858230385391,30
Manchester,PM2.5,2022-12-01,14.35483870967742,9.042670649377776,31
Manchester,PM2.5,2023-01-01,9.451612903225806,5.548805935679131,31
Manchester,PM2.5,2023-02-01,10.964285714285714,7.6229776570437595,28
Manchester,PM2.5,2023-03-01,6.925925925925926,2.2689530951846817,27
Manchester,PM2.5,2023-04-01,11.461538461538462,4.588949938543843,26
Manchester,PM2.5,2023-05-01,9,2.6204325342711394,31
Manchester,PM2.5,2023-06-01,9.4,3.792915355838003,30
Manchester,PM2.5,2023-07-01,5.419354838709677,1.5869088095705037,31
Manchester,PM2.5,2023-08-01,5.580645161290323,1.3360188009751732,31
Manchester,PM2.5,2023-09-01,9.633333333333333,4.986072556655176,30
Manchester,PM2.5,2023-10-01,7.967741935483871,2.8341238618867965,31
Manchester,PM2.5,2023-11-01,7.8,3.1937438845342623,5
Manchester,PM2.5,2024-03-01,7.636363636363637,3.585323619221207,11
Manchester,PM2.5,2024-04-01,6.6,1.8118384642924588,30
Manchester,PM2.5,2024-05-01,10.516129032258064,4.202149987343268,31
Manchester,PM2.5,2024-06-01,6.633333333333334,2.092405534197477,30
Manchester,PM2.5,2024-07-01,5.580645161290323,2.0619439621933973,31
Manchester,PM2.5,2024-08-01,8,3.5870136139505613,31
Manchester,PM2.5,2024-09-01,9.633333333333333,5.750462250285104,30
Manchester,PM2.5,2024-10-01,7.935483870967742,2.2351060209151563,31
Manchester,PM2.5,2024-11-01,14.133333333333333,6.569172169193448,30
Manchester,PM2.5,2024-12-01,8.096774193548388,2.650218088003041,31
Sheffield,NO2,2020-01-01,23.612903225806452,15.4890873829606,31
Sheffield,NO2,2020-02-01,18.413793103448278,12.222687456936415,29
Sheffield,NO2,2020-03-01,20.06451612903226,11.422012326704865,31
Sheffield,NO2,2020-04-01,14.633333333333333,5.1225218286560255,30
Sheffield,NO2,2020-05-01,11.612903225806452,4.521632591257562,31
Sheffield,NO2,2020-06-01,14.8,6.6457142010004695,30
Sheffield,NO2,2020-07-01,10.655172413793103,5.795785797018909,29
Sheffield,NO2,2020-08-01,12.870967741935484,5.806559138789345,31
Sheffield,NO2,2020-09-01,17.633333333333333,9.67571910660314,30
Sheffield,NO2,2020-10-01,19.129032258064516,5.0907886454122275,31
Sheffield,NO2,2020-11-01,23.9,13.616293485227985,30
Sheffield,NO2,2020-12-01,25.741935483870968,10.695693033289876,31
Sheffield,NO2,2021-01-01,25.612903225806452,12.56894962292617,31
Sheffield,NO2,2021-10-01,15,5.2687759489277965,26
Sheffield,NO2,2021-11-01,19,8.424103349400417,30
Sheffield,NO2,2021-12-01,23.612903225806452,11.371535866231493,31
Sheffield,NO2,2022-01-01,23.677419354838708,15.371807737487467,31
Sheffield,NO2,2022-02-01,12.142857142857142,6.114429113682109,28
Sheffield,NO2,2022-03-01,28.655172413793103,12.57910927481685,29
Sheffield,NO2,2022-04-01,17.7,7.358551206730096,30
Sheffield,NO2,2022-05-01,12.096774193548388,4.036127175975152,31
Sheffield,NO2,2022-06-01,11.633333333333333,3.881728492817861,30
Sheffield,NO2,2022-07-01,11.580645161290322,5.168972777050821,31
Sheffield,NO2,2022-08-01,12.935483870967742,5.452433608771822,31
Sheffield,NO2,2022-09-01,16.333333333333332,5.046906415599173,30
Sheffield,NO2,2022-10-01,18.806451612903224,7.2453173606070544,31
Sheffield,NO2,2022-11-01,21.633333333333333,7.595294974332889,30
Sheffield,NO2,2022-12-01,25.161290322580644,11.756124004658306,31
Sheffield,NO2,2023-01-01,19.483870967741936,10.763738408012758,31
Sheffield,NO2,2023-02-01,18.962962962962962,11.253995808263909,27
Sheffield,NO2,2023-03-01,17.06451612903226,7.357243523091004,31
Sheffield,NO2,2023-04-01,18,7.191949522280762,30
Sheffield,NO2,2023-05-01,13.64516129032258,3.8257756259071107,31
Sheffield,NO2,2023-06-01,12.6,3.0917019082788646,30
Sheffield,NO2,2023-07-01,9.870967741935484,3.084822366402653,31
Sheffield,NO2,2023-08-01,10.483870967741936,3.650305628683124,31
Sheffield,NO2,2023-09-01,16.9,5.973216080540498,30
Sheffield,NO2,2023-10-01,20.225806451612904,7.714530348285867,31
Sheffield,NO2,2023-11-01,19.166666666666668,9.044271699518577,30
Sheffield,NO2,2023-12-01,17.741935483870968,12.110512628664084,31
Sheffield,NO2,2024-01-01,18,7.432454460697679,30
Sheffield,NO2,2024-05-01,10.333333333333334,3.265986323710904,15
Sheffield,NO2,2024-06-01,8,2.4899799195977463,11
Sheffield,NO2,2024-07-01,11,3.9627898889171127,28
Sheffield,NO2,2024-08-01,8.89655172413793,3.958217740944662,29
Sheffield,NO2,2024-09-01,16.238095238095237,3.6318695172701605,21
Sheffield,NO2,2024-10-01,20.548387096774192,6.302585235057221,31
Sheffield,NO2,2024-11-01,22.6,7.7218900670040975,30
Sheffield,NO2,2024-12-01,16.032258064516128,8.58480778650185,31
Sheffield,O3,2020-01-01,48.86666666666667,16.656226615217243,30
Sheffield,O3,2020-02-01,59.93103448275862,18.073127317497732,29
Sheffield,O3,2020-03-01,61.70967741935484,14.404151134047195,31
Sheffield,O3,2020-04-01,71.4,10.496633286193607,30
Sheffield,O3,2020-05-01,68.58064516129032,7.8560982408503826,31
Sheffield,O3,2020-06-01,60.1,14.312642108916544,30
Sheffield,O3,2020-07-01,42.48275862068966,9.567880380490209,29
Sheffield,O3,2020-08-01,38.57142857142857,7.165239656889318,14
Sheffield,O3,2020-09-01,40.766666666666666,9.265000263629648,30
Sheffield,O3,2020-10-01,40.61290322580645,6.8199580612338995,31
Sheffield,O3,2020-11-01,37,19.165342283079273,30
Sheffield,O3,2020-12-01,35.774193548387096,14.788981658472082,31
Sheffield,O3,2021-01-01,39.25806451612903,16.008263994856915,31
Sheffield,O3,2021-02-01,46.03846153846154,17.091473357743666,26
Sheffield,O3,2021-03-01,55.903225806451616,14.729459910238116,31
Sheffield,O3,2021-04-01,59,8.275431023257317,30
Sheffield,O3,2021-05-01,56.83870967741935,9.451972542609113,31
Sheffield,O3,2021-06-01,48.2,9.207942598460946,30
Sheffield,O3,2021-07-01,46.225806451612904,10.294690144015522,31
Sheffield,O3,2021-08-01,46.03448275862069,7.979808262200153,29
Sheffield,O3,2021-09-01,44.666666666666664,10.623115113404527,30
Sheffield,O3,2021-10-01,42.774193548387096,12.311809174986848,31
Sheffield,O3,2021-11-01,41.46666666666667,13.823351889873324,30
Sheffield,O3,2021-12-01,34.87096774193548,16.58461523115901,31
Sheffield,O3,2022-01-01,44.61290322580645,18.764643027699442,31
Sheffield,O3,2022-02-01,62.714285714285715,9.564042004869043,28
Sheffield,O3,2022-03-01,43.86206896551724,14.247115341938608,29
Sheffield,O3,2022-04-01,61.63333333333333,10.755859135704895,30
Sheffield,O3,2022-05-01,58.03225806451613,8.288481449046188,31
Sheffield,O3,2022-06-01,58.3,8.338320346862224,30
Sheffield,O3,2022-07-01,51.774193548387096,17.513251511202128,31
Sheffield,O3,2022-08-01,52.29032258064516,17.388106180925508,31
Sheffield,O3,2022-09-01,46.266666666666666,9.284519311767019,30
Sheffield,O3,2022-10-01,39.74193548387097,12.013791358089208,31
Sheffield,O3,2022-11-01,36.766666666666666,13.964692752730398,30
Sheffield,O3,2022-12-01,35.61290322580645,18.50527387774422,31
Sheffield,O3,2023-01-01,52.12903225806452,18.220395047828266,31
Sheffield,O3,2023-02-01,54.857142857142854,16.431032711878945,28
Sheffield,O3,2023-03-01,62.70967741935484,12.14960506460216,31
Sheffield,O3,2023-04-01,66.66666666666667,14.152697643018897,30
Sheffield,O3,2023-05-01,67,10.97876738679408,31
Sheffield,O3,2023-06-01,72.6,20.15046846379371,30
Sheffield,O3,2023-07-01,46.645161290322584,10.31680954267282,31
Sheffield,O3,2023-08-01,47.645161290322584,4.91628848554662,31
Sheffield,O3,2023-09-01,45.93333333333333,10.497728270943895,30
Sheffield,O3,2023-10-01,30.96551724137931,13.581717644951691,29
Sheffield,O3,2023-11-01,37.9,14.494588764372581,30
Sheffield,O3,2023-12-01,44.29032258064516,21.88788637334526,31
Sheffield,O3,2024-01-01,49.45161290322581,12.082601015999327,31
Sheffield,O3,2024-02-01,48.275862068965516,15.622549068857714,29
Sheffield,O3,2024-03-01,51.25806451612903,14.17266792558946,31
Sheffield,O3,2024-04-01,66.23333333333333,11.217853176301492,30
Sheffield,O3,2024-05-01,57.645161290322584,10.352289238285332,31
Sheffield,O3,2024-06-01,57.166666666666664,6.491816245159712,30
Sheffield,O3,2024-07-01,45.83870967741935,10.260268918482103,31
Sheffield,O3,2024-08-01,49.535714285714285,5.567645574987442,28
Sheffield,O3,2024-09-01,53.07692307692308,14.59293822894643,26
Sheffield,O3,2024-10-01,39.516129032258064,11.445147349399324,31
Sheffield,O3,2024-11-01,37.36666666666667,14.121354172959508,30
Sheffield,O3,2024-12-01,48.903225806451616,19.037427765167713,31
Sheffield,PM10,2020-01-01,11.935483870967742,6.470113259549469,31
Sheffield,PM10,2020-02-01,10.793103448275861,6.976385220077534,29
Sheffield,PM10,2020-03-01,18.193548387096776,12.045522971457652,31
Sheffield,PM10,2020-04-01,19.433333333333334,7.079271993222395,30
Sheffield,PM10,2020-05-01,17.483870967741936,8.028577988419183,31
Sheffield,PM10,2020-06-01,19.3,13.081047095070344,30
Sheffield,PM10,2020-07-01,7.517241379310345,3.5918627246196806,29
Sheffield,PM10,2020-08-01,12.129032258064516,8.401356777266678,31
Sheffield,PM10,2020-09-01,12.733333333333333,5.812788121644074,30
Sheffield,PM10,2020-10-01,9.67741935483871,3.969778304256579,31
Sheffield,PM10,2020-11-01,20.066666666666666,18.249106418054318,30
Sheffield,PM10,2020-12-01,13.806451612903226,6.730128056427603,31
Sheffield,PM10,2021-01-01,11.290322580645162,6.017715781407963,31
Sheffield,PM10,2021-02-01,14.357142857142858,5.8954740061011,28
Sheffield,PM10,2021-03-01,14.193548387096774,10.202677278828041,31
Sheffield,PM10,2021-04-01,16.266666666666666,8.042702124986626,30
Sheffield,PM10,2021-05-01,8.387096774193548,4.394522494764277,31
Sheffield,PM10,2021-06-01,11.666666666666666,4.894284726955078,30
Sheffield,PM10,2021-07-01,14.096774193548388,6.953918984810783,31
Sheffield,PM10,2021-08-01,9.620689655172415,3.0637721043493364,29
Sheffield,PM10,2021-09-01,14.766666666666667,8.629074083598418,30
Sheffield,PM10,2021-10-01,9.548387096774194,3.3549834542803074,31
Sheffield,PM10,2021-11-01,10.433333333333334,5.217234921860914,30
Sheffield,PM10,2021-12-01,10.935483870967742,5.8420058420087635,31
Sheffield,PM10,2022-01-01,16.14814814814815,9.851605506420313,27
Sheffield,PM10,2022-02-01,9.642857142857142,3.908341371366155,28
Sheffield,PM10,2022-03-01,28.17241379310345,18.45858098074335,29
Sheffield,PM10,2022-04-01,15.964285714285714,8.399656707522803,28
Sheffield,PM10,2022-05-01,10.709677419354838,4.698890283085264,31
Sheffield,PM10,2022-06-01,11.366666666666667,3.2745974570543974,30
Sheffield,PM10,2022-07-01,9.67741935483871,5.968735749856322,31
Sheffield,PM10,2022-08-01,11.03225806451613,5.474083612610376,31
Sheffield,PM10,2022-09-01,9.8,4.24589050811447,30
Sheffield,PM10,2022-10-01,10.741935483870968,3.4153354343361735,31
Sheffield,PM10,2022-11-01,11.8,5.333045969269797,30
Sheffield,PM10,2022-12-01,12.35483870967742,6.99308414123923,31
Sheffield,PM10,2023-01-01,9.870967741935484,5.976297267728411,31
Sheffield,PM10,2023-02-01,15.392857142857142,11.419085017876986,28
Sheffield,PM10,2023-03-01,9.870967741935484,2.940996831958749,31
Sheffield,PM10,2023-04-01,15.833333333333334,6.963368850429111,30
Sheffield,PM10,2023-05-01,13.064516129032258,4.057384082311884,31
Sheffield,PM10,2023-06-01,15.633333333333333,7.3694772814833245,30
Sheffield,PM10,2023-07-01,7.225806451612903,2.512763119480954,31
Sheffield,PM10,2023-08-01,7.387096774193548,2.512335160162602,31
Sheffield,PM10,2023-09-01,15.066666666666666,9.744789353302096,30
Sheffield,PM10,2023-10-01,11.7,5.724418356238595,30
Sheffield,PM10,2023-11-01,10.821428571428571,4.388989349864899,28
Sheffield,PM10,2023-12-01,8.741935483870968,4.404298975133908,31
Sheffield,PM10,2024-01-01,10.516129032258064,4.588906679823532,31
Sheffield,PM10,2024-02-01,10.89655172413793,5.038032691340418,29
Sheffield,PM10,2024-03-01,16.129032258064516,11.766454961694766,31
Sheffield,PM10,2024-04-01,8.833333333333334,2.5741866252486814,30
Sheffield,PM10,2024-05-01,15.387096774193548,8.085696916386114,31
Sheffield,PM10,2024-06-01,9.3,4.235726538664274,30
Sheffield,PM10,2024-07-01,8.064516129032258,2.9318422407645306,31
Sheffield,PM10,2024-08-01,11.483870967741936,4.932010866045988,31
Sheffield,PM10,2024-09-01,15.166666666666666,11.061219404416661,30
Sheffield,PM10,2024-10-01,11.290322580645162,4.204708062692714,31
Sheffield,PM10,2024-11-01,14.733333333333333,8.157642210637924,30
Sheffield,PM10,2024-12-01,8.67741935483871,4.377115463972391,31
Sheffield,PM2.5,2020-01-01,7.645161290322581,5.313808346166142,31
Sheffield,PM2.5,2020-02-01,6.137931034482759,5.201127198784032,29
Sheffield,PM2.5,2020-03-01,10,8.378544026261364,31
Sheffield,PM2.5,2020-04-01,11.066666666666666,4.638172450239525,30
Sheffield,PM2.5,2020-05-01,7.387096774193548,3.0075174630120736,31
Sheffield,PM2.5,2020-06-01,9.833333333333334,6.400879968239999,30
Sheffield,PM2.5,2020-07-01,3.689655172413793,1.4663718169068578,29
Sheffield,PM2.5,2020-08-01,6.67741935483871,5.275017199176975,31
Sheffield,PM2.5,2020-09-01,6.766666666666667,3.125902168625258,30
Sheffield,PM2.5,2020-10-01,5.645161290322581,2.7392016731981625,31
Sheffield,PM2.5,2020-11-01,14.4,16.080830309666098,30
Sheffield,PM2.5,2020-12-01,7.838709677419355,4.083272986168068,31
Sheffield,PM2.5,2021-01-01,7.290322580645161,3.752275295400528,31
Sheffield,PM2.5,2021-02-01,9.107142857142858,4.748015458446908,28
Sheffield,PM2.5,2021-03-01,9.258064516129032,8.422065233403202,31
Sheffield,PM2.5,2021-04-01,9.333333333333334,5.773502691896258,30
Sheffield,PM2.5,2021-05-01,5.612903225806452,3.343425582192,31
Sheffield,PM2.5,2021-06-01,6.833333333333333,3.333045964624378,30
Sheffield,PM2.5,2021-07-01,8.290322580645162,3.9174272883028456,31
Sheffield,PM2.5,2021-08-01,5.517241379310345,2.1649924060436336,29
Sheffield,PM2.5,2021-09-01,8.866666666666667,5.62465835488658,30
Sheffield,PM2.5,2021-10-01,5.580645161290323,2.895677163732024,31
Sheffield,PM2.5,2021-11-01,6.433333333333334,3.8567749018679014,30
Sheffield,PM2.5,2021-12-01,7.548387096774194,4.829345778173405,31
Sheffield,PM2.5,2022-01-01,10.407407407407407,7.7273702326374085,27
Sheffield,PM2.5,2022-02-01,5.285714285714286,2.1231901723436146,28
Sheffield,PM2.5,2022-03-01,19.448275862068964,13.886237294778471,29
Sheffield,PM2.5,2022-04-01,9.571428571428571,6.057921483348286,28
Sheffield,PM2.5,2022-05-01,6.225806451612903,3.4225689904841445,31
Sheffield,PM2.5,2022-06-01,6.133333333333334,2.063364064911429,30
Sheffield,PM2.5,2022-07-01,4.870967741935484,3.3340859365436373,31
Sheffield,PM2.5,2022-08-01,5.548387096774194,2.8500141482387926,31
Sheffield,PM2.5,2022-09-01,5.466666666666667,2.9329675843034324,30
Sheffield,PM2.5,2022-10-01,6,2.280350850198276,31
Sheffield,PM2.5,2022-11-01,7.833333333333333,4.299826246155353,30
Sheffield,PM2.5,2022-12-01,9.35483870967742,6.755483634780337,31
Sheffield,PM2.5,2023-01-01,6.935483870967742,5.446316699513337,31
Sheffield,PM2.5,2023-02-01,9.392857142857142,8.341503930987974,28
Sheffield,PM2.5,2023-03-01,6.032258064516129,1.9745695052802765,31
Sheffield,PM2.5,2023-04-01,10.4,5.340799371913766,30
Sheffield,PM2.5,2023-05-01,7.935483870967742,2.619611725313095,31
Sheffield,PM2.5,2023-06-01,8.533333333333333,4.431340836495812,30
Sheffield,PM2.5,2023-07-01,3.935483870967742,1.5041162160544141,31
Sheffield,PM2.5,2023-08-01,4.064516129032258,1.364685162005453,31
Sheffield,PM2.5,2023-09-01,9.066666666666666,6.197515260352237,30
Sheffield,PM2.5,2023-10-01,7.066666666666666,3.571277500909968,30
Sheffield,PM2.5,2023-11-01,7.285714285714286,3.9238788713243173,28
Sheffield,PM2.5,2023-12-01,5.870967741935484,3.593901644766877,31
Sheffield,PM2.5,2024-01-01,6.32258064516129,2.9595843939557183,31
Sheffield,PM2.5,2024-02-01,6.793103448275862,4.012296370843969,29
Sheffield,PM2.5,2024-03-01,11.35483870967742,9.576180126044601,31
Sheffield,PM2.5,2024-04-01,5.066666666666666,1.9464084224865132,30
Sheffield,PM2.5,2024-05-01,10.451612903225806,5.506594287321456,31
Sheffield,PM2.5,2024-06-01,5.633333333333334,2.9534705865721986,30
Sheffield,PM2.5,2024-07-01,4.580645161290323,1.6283773835403779,31
Sheffield,PM2.5,2024-08-01,6.774193548387097,3.8358804067154724,31
Sheffield,PM2.5,2024-09-01,9.666666666666666,7.747450451971095,30
Sheffield,PM2.5,2024-10-01,6.967741935483871,3.3712892782805604,31
Sheffield,PM2.5,2024-11-01,10.566666666666666,7.000903061617188,30
Sheffield,PM2.5,2024-12-01,5.935483870967742,3.7853708217378803,31
